Model,Threshold,AUROC,AUPRC,F1,DetectionRate,FalseAlarmRate,Precision,Recall,seed
AE only,0.2058,0.951577,0.956421,0.925289,0.957843,0.148697,0.894875,0.957843,123
Generative branch,0.1079,0.94797,0.95119,0.922003,0.946466,0.140871,0.898772,0.946466,123
LSTM,0.01,0.888124,0.915684,0.805139,0.713006,0.07682,0.924616,0.713006,123
CNN,0.01,0.936429,0.940324,0.842553,0.787501,0.108125,0.90588,0.787501,123
RF/XGB,0.01,0.969693,0.972269,0.93955,0.974363,0.131809,0.907139,0.974363,123
Ensemble (no meta),0.0456,0.961424,0.963675,0.939102,0.97335,0.131603,0.907183,0.97335,123
Meta-Learner (CLAF++),0.01,0.964121,0.967371,0.830673,0.756331,0.08547,0.921222,0.756331,123
CLAF++ + Symbolic,0.01,0.964121,0.967371,0.830673,0.756331,0.08547,0.921222,0.756331,123
