Model,Threshold,AUROC,AUPRC,F1,DetectionRate,FalseAlarmRate,Precision,Recall,seed
AE only,0.2147,0.94052,0.948816,0.896762,0.904309,0.148697,0.88934,0.904309,7
Generative branch,0.1257,0.937133,0.940741,0.897187,0.903374,0.145917,0.891084,0.903374,7
LSTM,0.01,0.877357,0.91374,0.812566,0.716512,0.062198,0.938361,0.716512,7
CNN,0.01,0.933743,0.940467,0.865162,0.827476,0.112862,0.906445,0.827476,7
RF/XGB,0.01,0.967684,0.971516,0.938111,0.969142,0.128205,0.909005,0.969142,7
Ensemble (no meta),0.0545,0.95885,0.964227,0.908259,0.912257,0.127587,0.904295,0.912257,7
Meta-Learner (CLAF++),0.01,0.961379,0.963888,0.847777,0.785942,0.090104,0.920172,0.785942,7
CLAF++ + Symbolic,0.01,0.961379,0.963888,0.847777,0.785942,0.090104,0.920172,0.785942,7
