Model,Threshold,AUROC,AUPRC,F1,DetectionRate,FalseAlarmRate,Precision,Recall,seed
AE only,0.2147,0.957019,0.962885,0.915235,0.936024,0.144578,0.895349,0.936024,1
Generative branch,0.1168,0.952059,0.95717,0.916015,0.935323,0.14118,0.897488,0.935323,1
LSTM,0.01,0.913218,0.931037,0.817998,0.724616,0.062198,0.939008,0.724616,1
CNN,0.01,0.945268,0.952433,0.835369,0.767474,0.092472,0.916442,0.767474,1
RF/XGB,0.01,0.964417,0.968302,0.939806,0.974519,0.131294,0.907481,0.974519,1
Ensemble (no meta),0.0456,0.965193,0.96654,0.941115,0.977636,0.132118,0.907224,0.977636,1
Meta-Learner (CLAF++),0.01,0.964802,0.96769,0.836649,0.760305,0.075584,0.930035,0.760305,1
CLAF++ + Symbolic,0.01,0.964802,0.96769,0.836649,0.760305,0.075584,0.930035,0.760305,1
