Model,Threshold,AUROC,AUPRC,F1,DetectionRate,FalseAlarmRate,Precision,Recall
AE only,0.2503,0.871059,0.780971,0.761386,0.669173,0.032991,0.883074,0.669173
Generative branch,0.1168,0.898546,0.838974,0.781395,0.721952,0.046879,0.851504,0.721952
LSTM,0.9,0.999475,0.998636,0.989137,0.993366,0.005654,0.984944,0.993366
CNN,0.7576,0.999772,0.999379,0.991147,0.99027,0.002964,0.992025,0.99027
RF/XGB,0.5885,0.999964,0.999869,0.99467,0.990417,0.000384,0.998959,0.990417
Ensemble (no meta),0.6063,0.999866,0.999639,0.993422,0.990712,0.001427,0.996146,0.990712
Meta-Learner (CLAF++),0.5618,0.999721,0.99959,0.99387,0.991891,0.001537,0.995856,0.991891
CLAF++ + Symbolic,0.5618,0.999721,0.99959,0.99387,0.991891,0.001537,0.995856,0.991891
