{
  "AE only": {
    "threshold": 0.2147,
    "accuracy": 0.9013041163946061,
    "precision": 0.8953488372093024,
    "recall": 0.9360243123198005,
    "f1": 0.9152348660901367,
    "auroc": 0.9570194413773515,
    "auprc": 0.9628852274898951,
    "detection_rate": 0.9360243123198005,
    "false_alarm_rate": 0.14457831325301204,
    "specificity": 0.8554216867469879,
    "confusion_matrix": [
      [
        8307,
        1404
      ],
      [
        821,
        12012
      ]
    ]
  },
  "Generative branch": {
    "threshold": 0.1168,
    "accuracy": 0.9023687012065295,
    "precision": 0.8974876626289816,
    "recall": 0.935322995402478,
    "f1": 0.9160148052047163,
    "auroc": 0.9520587269284857,
    "auprc": 0.957170231402168,
    "detection_rate": 0.935322995402478,
    "false_alarm_rate": 0.14118010503552672,
    "specificity": 0.8588198949644733,
    "confusion_matrix": [
      [
        8340,
        1371
      ],
      [
        830,
        12003
      ]
    ]
  },
  "LSTM": {
    "threshold": 0.01,
    "accuracy": 0.8164478353442157,
    "precision": 0.9390083812985964,
    "recall": 0.7246162237980207,
    "f1": 0.8179978888106967,
    "auroc": 0.9132179353695042,
    "auprc": 0.93103719014133,
    "detection_rate": 0.7246162237980207,
    "false_alarm_rate": 0.06219750798064051,
    "specificity": 0.9378024920193595,
    "confusion_matrix": [
      [
        9107,
        604
      ],
      [
        3534,
        9299
      ]
    ]
  },
  "CNN": {
    "threshold": 0.01,
    "accuracy": 0.8278034066713982,
    "precision": 0.9164417977109891,
    "recall": 0.7674744798566197,
    "f1": 0.8353689567430026,
    "auroc": 0.9452683247159835,
    "auprc": 0.9524330652635984,
    "detection_rate": 0.7674744798566197,
    "false_alarm_rate": 0.09247245391823705,
    "specificity": 0.907527546081763,
    "confusion_matrix": [
      [
        8813,
        898
      ],
      [
        2984,
        9849
      ]
    ]
  },
  "RF/XGB": {
    "threshold": 0.01,
    "accuracy": 0.9289389638041164,
    "precision": 0.9074813148537842,
    "recall": 0.9745188186706149,
    "f1": 0.9398061170812354,
    "auroc": 0.9644171596944897,
    "auprc": 0.9683017333318958,
    "detection_rate": 0.9745188186706149,
    "false_alarm_rate": 0.13129440840284215,
    "specificity": 0.8687055915971579,
    "confusion_matrix": [
      [
        8436,
        1275
      ],
      [
        327,
        12506
      ]
    ]
  },
  "Ensemble (no meta)": {
    "threshold": 0.0456,
    "accuracy": 0.9303584102200142,
    "precision": 0.9072239496709813,
    "recall": 0.9776357827476039,
    "f1": 0.9411146950716376,
    "auroc": 0.9651925650922026,
    "auprc": 0.966539875955513,
    "detection_rate": 0.9776357827476039,
    "false_alarm_rate": 0.13211821645556585,
    "specificity": 0.8678817835444341,
    "confusion_matrix": [
      [
        8428,
        1283
      ],
      [
        287,
        12546
      ]
    ]
  },
  "Meta-Learner (CLAF++)": {
    "threshold": 0.01,
    "accuracy": 0.8309971611071683,
    "precision": 0.9300352683252312,
    "recall": 0.7603054624795449,
    "f1": 0.8366489452924026,
    "auroc": 0.9648019495677876,
    "auprc": 0.9676902914610583,
    "detection_rate": 0.7603054624795449,
    "false_alarm_rate": 0.07558438883740089,
    "specificity": 0.9244156111625991,
    "confusion_matrix": [
      [
        8977,
        734
      ],
      [
        3076,
        9757
      ]
    ]
  },
  "CLAF++ + Symbolic": {
    "threshold": 0.01,
    "accuracy": 0.8309971611071683,
    "precision": 0.9300352683252312,
    "recall": 0.7603054624795449,
    "f1": 0.8366489452924026,
    "auroc": 0.9648019495677876,
    "auprc": 0.9676902914610583,
    "detection_rate": 0.7603054624795449,
    "false_alarm_rate": 0.07558438883740089,
    "specificity": 0.9244156111625991,
    "confusion_matrix": [
      [
        8977,
        734
      ],
      [
        3076,
        9757
      ]
    ]
  }
}