{
  "AE only": {
    "threshold": 0.2147,
    "accuracy": 0.8814762242725337,
    "precision": 0.8893401793240862,
    "recall": 0.9043092028364373,
    "f1": 0.8967622285758442,
    "auroc": 0.9405204952865869,
    "auprc": 0.9488159872570028,
    "detection_rate": 0.9043092028364373,
    "false_alarm_rate": 0.14869735351663063,
    "specificity": 0.8513026464833694,
    "confusion_matrix": [
      [
        8267,
        1444
      ],
      [
        1228,
        11605
      ]
    ]
  },
  "Generative branch": {
    "threshold": 0.1257,
    "accuracy": 0.8821415897799858,
    "precision": 0.8910837817063797,
    "recall": 0.9033741136133406,
    "f1": 0.8971868591107843,
    "auroc": 0.9371330115632032,
    "auprc": 0.9407409137053475,
    "detection_rate": 0.9033741136133406,
    "false_alarm_rate": 0.1459170013386881,
    "specificity": 0.8540829986613119,
    "confusion_matrix": [
      [
        8294,
        1417
      ],
      [
        1240,
        11593
      ]
    ]
  },
  "LSTM": {
    "threshold": 0.01,
    "accuracy": 0.8118346344925479,
    "precision": 0.9383610572507398,
    "recall": 0.7165121171978492,
    "f1": 0.8125662778366914,
    "auroc": 0.8773574257548649,
    "auprc": 0.9137402628020601,
    "detection_rate": 0.7165121171978492,
    "false_alarm_rate": 0.06219750798064051,
    "specificity": 0.9378024920193595,
    "confusion_matrix": [
      [
        9107,
        604
      ],
      [
        3638,
        9195
      ]
    ]
  },
  "CNN": {
    "threshold": 0.01,
    "accuracy": 0.8531760113555713,
    "precision": 0.9064447289799402,
    "recall": 0.8274760383386581,
    "f1": 0.8651621313345282,
    "auroc": 0.9337434736157344,
    "auprc": 0.9404670138277823,
    "detection_rate": 0.8274760383386581,
    "false_alarm_rate": 0.112861703223149,
    "specificity": 0.887138296776851,
    "confusion_matrix": [
      [
        8615,
        1096
      ],
      [
        2214,
        10619
      ]
    ]
  },
  "RF/XGB": {
    "threshold": 0.01,
    "accuracy": 0.9272090134847409,
    "precision": 0.9090045315012425,
    "recall": 0.9691420556378088,
    "f1": 0.9381105034885914,
    "auroc": 0.9676837250477873,
    "auprc": 0.9715163409525269,
    "detection_rate": 0.9691420556378088,
    "false_alarm_rate": 0.1282051282051282,
    "specificity": 0.8717948717948718,
    "confusion_matrix": [
      [
        8466,
        1245
      ],
      [
        396,
        12437
      ]
    ]
  },
  "Ensemble (no meta)": {
    "threshold": 0.0545,
    "accuracy": 0.8950940383250532,
    "precision": 0.9042947628611154,
    "recall": 0.9122574612327593,
    "f1": 0.9082586601497343,
    "auroc": 0.9588501723016561,
    "auprc": 0.9642273235631107,
    "detection_rate": 0.9122574612327593,
    "false_alarm_rate": 0.1275872721655854,
    "specificity": 0.8724127278344146,
    "confusion_matrix": [
      [
        8472,
        1239
      ],
      [
        1126,
        11707
      ]
    ]
  },
  "Meta-Learner (CLAF++)": {
    "threshold": 0.01,
    "accuracy": 0.8393364088005678,
    "precision": 0.920171517197336,
    "recall": 0.7859424920127795,
    "f1": 0.8477767504412878,
    "auroc": 0.9613793514514454,
    "auprc": 0.9638879234742218,
    "detection_rate": 0.7859424920127795,
    "false_alarm_rate": 0.09010400576665636,
    "specificity": 0.9098959942333437,
    "confusion_matrix": [
      [
        8836,
        875
      ],
      [
        2747,
        10086
      ]
    ]
  },
  "CLAF++ + Symbolic": {
    "threshold": 0.01,
    "accuracy": 0.8393364088005678,
    "precision": 0.920171517197336,
    "recall": 0.7859424920127795,
    "f1": 0.8477767504412878,
    "auroc": 0.9613793514514454,
    "auprc": 0.9638879234742218,
    "detection_rate": 0.7859424920127795,
    "false_alarm_rate": 0.09010400576665636,
    "specificity": 0.9098959942333437,
    "confusion_matrix": [
      [
        8836,
        875
      ],
      [
        2747,
        10086
      ]
    ]
  }
}