{
  "AE only": {
    "threshold": 0.25029999999999997,
    "accuracy": 0.8862,
    "precision": 0.8830739299610895,
    "recall": 0.6691729323308271,
    "f1": 0.7613855573261763,
    "auroc": 0.8710592802573195,
    "auprc": 0.7809710022890989,
    "detection_rate": 0.6691729323308271,
    "false_alarm_rate": 0.03299116210133392,
    "specificity": 0.9670088378986661,
    "confusion_matrix": [
      [
        17616,
        601
      ],
      [
        2244,
        4539
      ]
    ]
  },
  "Generative branch": {
    "threshold": 0.1168,
    "accuracy": 0.8904,
    "precision": 0.8515040862458703,
    "recall": 0.7219519386702049,
    "f1": 0.7813946066698579,
    "auroc": 0.89854556650337,
    "auprc": 0.8389737177084964,
    "detection_rate": 0.7219519386702049,
    "false_alarm_rate": 0.04687928857660427,
    "specificity": 0.9531207114233957,
    "confusion_matrix": [
      [
        17363,
        854
      ],
      [
        1886,
        4897
      ]
    ]
  },
  "LSTM": {
    "threshold": 0.9,
    "accuracy": 0.99408,
    "precision": 0.9849437216781173,
    "recall": 0.9933657673595754,
    "f1": 0.9891368173810922,
    "auroc": 0.9994746487969486,
    "auprc": 0.99863572735976,
    "detection_rate": 0.9933657673595754,
    "false_alarm_rate": 0.005654059395070538,
    "specificity": 0.9943459406049294,
    "confusion_matrix": [
      [
        18114,
        103
      ],
      [
        45,
        6738
      ]
    ]
  },
  "CNN": {
    "threshold": 0.7576,
    "accuracy": 0.9952,
    "precision": 0.9920248116969429,
    "recall": 0.9902697921273773,
    "f1": 0.9911465250110668,
    "auroc": 0.999771591535468,
    "auprc": 0.9993788170789443,
    "detection_rate": 0.9902697921273773,
    "false_alarm_rate": 0.002964264148871933,
    "specificity": 0.997035735851128,
    "confusion_matrix": [
      [
        18163,
        54
      ],
      [
        66,
        6717
      ]
    ]
  },
  "RF/XGB": {
    "threshold": 0.5885,
    "accuracy": 0.99712,
    "precision": 0.9989591078066915,
    "recall": 0.9904172195193867,
    "f1": 0.9946698252887178,
    "auroc": 0.9999636873959519,
    "auprc": 0.999868757643902,
    "detection_rate": 0.9904172195193867,
    "false_alarm_rate": 0.00038425646374265796,
    "specificity": 0.9996157435362574,
    "confusion_matrix": [
      [
        18210,
        7
      ],
      [
        65,
        6718
      ]
    ]
  },
  "Ensemble (no meta)": {
    "threshold": 0.6063,
    "accuracy": 0.99644,
    "precision": 0.9961458642158316,
    "recall": 0.9907120743034056,
    "f1": 0.9934215389164018,
    "auroc": 0.9998662576121015,
    "auprc": 0.9996385979914291,
    "detection_rate": 0.9907120743034056,
    "false_alarm_rate": 0.001427238293901301,
    "specificity": 0.9985727617060987,
    "confusion_matrix": [
      [
        18191,
        26
      ],
      [
        63,
        6720
      ]
    ]
  },
  "Meta-Learner (CLAF++)": {
    "threshold": 0.5618,
    "accuracy": 0.99668,
    "precision": 0.9958555358200119,
    "recall": 0.991891493439481,
    "f1": 0.9938695620060566,
    "auroc": 0.9997210800315308,
    "auprc": 0.999589821632262,
    "detection_rate": 0.991891493439481,
    "false_alarm_rate": 0.0015370258549706319,
    "specificity": 0.9984629741450294,
    "confusion_matrix": [
      [
        18189,
        28
      ],
      [
        55,
        6728
      ]
    ]
  },
  "CLAF++ + Symbolic": {
    "threshold": 0.5618,
    "accuracy": 0.99668,
    "precision": 0.9958555358200119,
    "recall": 0.991891493439481,
    "f1": 0.9938695620060566,
    "auroc": 0.9997210800315308,
    "auprc": 0.999589821632262,
    "detection_rate": 0.991891493439481,
    "false_alarm_rate": 0.0015370258549706319,
    "specificity": 0.9984629741450294,
    "confusion_matrix": [
      [
        18189,
        28
      ],
      [
        55,
        6728
      ]
    ]
  }
}