{
  "AE only": {
    "threshold": 0.2058,
    "accuracy": 0.9119499645138396,
    "precision": 0.8948747815958067,
    "recall": 0.9578430608587236,
    "f1": 0.9252888704881629,
    "auroc": 0.9515773925353332,
    "auprc": 0.9564212310614987,
    "detection_rate": 0.9578430608587236,
    "false_alarm_rate": 0.14869735351663063,
    "specificity": 0.8513026464833694,
    "confusion_matrix": [
      [
        8267,
        1444
      ],
      [
        541,
        12292
      ]
    ]
  },
  "Generative branch": {
    "threshold": 0.1079,
    "accuracy": 0.9088449254790631,
    "precision": 0.898771644220808,
    "recall": 0.9464661419777137,
    "f1": 0.9220025050290356,
    "auroc": 0.9479695812423279,
    "auprc": 0.9511900508790776,
    "detection_rate": 0.9464661419777137,
    "false_alarm_rate": 0.14087117701575533,
    "specificity": 0.8591288229842446,
    "confusion_matrix": [
      [
        8343,
        1368
      ],
      [
        687,
        12146
      ]
    ]
  },
  "LSTM": {
    "threshold": 0.01,
    "accuracy": 0.8035397444996452,
    "precision": 0.9246160064672595,
    "recall": 0.7130055326112367,
    "f1": 0.8051388094504818,
    "auroc": 0.8881235098700613,
    "auprc": 0.9156837976371541,
    "detection_rate": 0.7130055326112367,
    "false_alarm_rate": 0.07682010091648646,
    "specificity": 0.9231798990835135,
    "confusion_matrix": [
      [
        8965,
        746
      ],
      [
        3683,
        9150
      ]
    ]
  },
  "CNN": {
    "threshold": 0.01,
    "accuracy": 0.8324609652235628,
    "precision": 0.9058802438149874,
    "recall": 0.7875009740512741,
    "f1": 0.8425528367168286,
    "auroc": 0.9364288821242326,
    "auprc": 0.9403235679427449,
    "detection_rate": 0.7875009740512741,
    "false_alarm_rate": 0.10812480691998765,
    "specificity": 0.8918751930800124,
    "confusion_matrix": [
      [
        8661,
        1050
      ],
      [
        2727,
        10106
      ]
    ]
  },
  "RF/XGB": {
    "threshold": 0.01,
    "accuracy": 0.9286284599006388,
    "precision": 0.9071387115496228,
    "recall": 0.9743629704667653,
    "f1": 0.9395499117105609,
    "auroc": 0.9696927562032491,
    "auprc": 0.9722693338110189,
    "detection_rate": 0.9743629704667653,
    "false_alarm_rate": 0.13180928843579445,
    "specificity": 0.8681907115642056,
    "confusion_matrix": [
      [
        8431,
        1280
      ],
      [
        329,
        12504
      ]
    ]
  },
  "Ensemble (no meta)": {
    "threshold": 0.0456,
    "accuracy": 0.9281405251951739,
    "precision": 0.9071828019464013,
    "recall": 0.973349957141744,
    "f1": 0.939102323133599,
    "auroc": 0.961423621585347,
    "auprc": 0.9636747850113104,
    "detection_rate": 0.973349957141744,
    "false_alarm_rate": 0.13160333642261354,
    "specificity": 0.8683966635773864,
    "confusion_matrix": [
      [
        8433,
        1278
      ],
      [
        342,
        12491
      ]
    ]
  },
  "Meta-Learner (CLAF++)": {
    "threshold": 0.01,
    "accuracy": 0.8244765791341376,
    "precision": 0.9212224753227031,
    "recall": 0.7563313332813839,
    "f1": 0.830673113954384,
    "auroc": 0.9641207897243024,
    "auprc": 0.9673705746003901,
    "detection_rate": 0.7563313332813839,
    "false_alarm_rate": 0.08547008547008547,
    "specificity": 0.9145299145299145,
    "confusion_matrix": [
      [
        8881,
        830
      ],
      [
        3127,
        9706
      ]
    ]
  },
  "CLAF++ + Symbolic": {
    "threshold": 0.01,
    "accuracy": 0.8244765791341376,
    "precision": 0.9212224753227031,
    "recall": 0.7563313332813839,
    "f1": 0.830673113954384,
    "auroc": 0.9641207897243024,
    "auprc": 0.9673705746003901,
    "detection_rate": 0.7563313332813839,
    "false_alarm_rate": 0.08547008547008547,
    "specificity": 0.9145299145299145,
    "confusion_matrix": [
      [
        8881,
        830
      ],
      [
        3127,
        9706
      ]
    ]
  }
}