{
  "AE only": {
    "threshold": 0.38380000000000003,
    "accuracy": 0.843,
    "precision": 0.8586847389558233,
    "recall": 0.5043491080642784,
    "f1": 0.6354602024705117,
    "auroc": 0.8368116227460178,
    "auprc": 0.7074039564351606,
    "detection_rate": 0.5043491080642784,
    "false_alarm_rate": 0.03090519844101663,
    "specificity": 0.9690948015589834,
    "confusion_matrix": [
      [
        17654,
        563
      ],
      [
        3362,
        3421
      ]
    ]
  },
  "Generative branch": {
    "threshold": 0.1613,
    "accuracy": 0.84692,
    "precision": 0.8529130850047756,
    "recall": 0.5266106442577031,
    "f1": 0.6511712697110564,
    "auroc": 0.8557343214181458,
    "auprc": 0.7473480818899678,
    "detection_rate": 0.5266106442577031,
    "false_alarm_rate": 0.0338145688093539,
    "specificity": 0.9661854311906461,
    "confusion_matrix": [
      [
        17601,
        616
      ],
      [
        3211,
        3572
      ]
    ]
  },
  "LSTM": {
    "threshold": 0.6686,
    "accuracy": 0.99476,
    "precision": 0.9908500590318772,
    "recall": 0.9898275099513489,
    "f1": 0.9903385205398628,
    "auroc": 0.9995867104479973,
    "auprc": 0.9991440188204451,
    "detection_rate": 0.9898275099513489,
    "false_alarm_rate": 0.003403414393149256,
    "specificity": 0.9965965856068507,
    "confusion_matrix": [
      [
        18155,
        62
      ],
      [
        69,
        6714
      ]
    ]
  },
  "CNN": {
    "threshold": 0.6597,
    "accuracy": 0.99628,
    "precision": 0.9973238180196253,
    "recall": 0.9889429455992923,
    "f1": 0.9931157006440151,
    "auroc": 0.9998779720079918,
    "auprc": 0.999682611287377,
    "detection_rate": 0.9889429455992923,
    "false_alarm_rate": 0.0009880880496239777,
    "specificity": 0.999011911950376,
    "confusion_matrix": [
      [
        18199,
        18
      ],
      [
        75,
        6708
      ]
    ]
  },
  "RF/XGB": {
    "threshold": 0.6241,
    "accuracy": 0.99776,
    "precision": 0.9992578298946119,
    "recall": 0.9924812030075187,
    "f1": 0.9958579881656805,
    "auroc": 0.9999641041775672,
    "auprc": 0.9998836419877889,
    "detection_rate": 0.9924812030075187,
    "false_alarm_rate": 0.00027446890267332713,
    "specificity": 0.9997255310973266,
    "confusion_matrix": [
      [
        18212,
        5
      ],
      [
        51,
        6732
      ]
    ]
  },
  "Ensemble (no meta)": {
    "threshold": 0.6419,
    "accuracy": 0.99648,
    "precision": 0.9988079272835643,
    "recall": 0.9882058086392451,
    "f1": 0.9934785830739588,
    "auroc": 0.9999245018312534,
    "auprc": 0.9998068775111743,
    "detection_rate": 0.9882058086392451,
    "false_alarm_rate": 0.0004391502442773234,
    "specificity": 0.9995608497557227,
    "confusion_matrix": [
      [
        18209,
        8
      ],
      [
        80,
        6703
      ]
    ]
  },
  "Meta-Learner (CLAF++)": {
    "threshold": 0.7131,
    "accuracy": 0.99736,
    "precision": 0.9967460434846916,
    "recall": 0.9935131947515848,
    "f1": 0.995126993502658,
    "auroc": 0.9999302072883192,
    "auprc": 0.9998295777472903,
    "detection_rate": 0.9935131947515848,
    "false_alarm_rate": 0.0012076631717626394,
    "specificity": 0.9987923368282373,
    "confusion_matrix": [
      [
        18195,
        22
      ],
      [
        44,
        6739
      ]
    ]
  },
  "CLAF++ + Symbolic": {
    "threshold": 0.7131,
    "accuracy": 0.99736,
    "precision": 0.9967460434846916,
    "recall": 0.9935131947515848,
    "f1": 0.995126993502658,
    "auroc": 0.9999302072883192,
    "auprc": 0.9998295777472903,
    "detection_rate": 0.9935131947515848,
    "false_alarm_rate": 0.0012076631717626394,
    "specificity": 0.9987923368282373,
    "confusion_matrix": [
      [
        18195,
        22
      ],
      [
        44,
        6739
      ]
    ]
  }
}