{
  "AE only": {
    "threshold": 0.22000000000000003,
    "accuracy": 0.8870652945351313,
    "precision": 0.8918260074655291,
    "recall": 0.9122574612327593,
    "f1": 0.9019260400616332,
    "auroc": 0.9281493118874906,
    "auprc": 0.9261031470810952,
    "detection_rate": 0.9122574612327593,
    "false_alarm_rate": 0.1462259293584595,
    "specificity": 0.8537740706415405,
    "confusion_matrix": [
      [
        8291,
        1420
      ],
      [
        1126,
        11707
      ]
    ]
  },
  "Generative branch": {
    "threshold": 0.11800000000000001,
    "accuracy": 0.8831618168914124,
    "precision": 0.9034095403844633,
    "recall": 0.8898932439803632,
    "f1": 0.8966004553662558,
    "auroc": 0.9297127890607239,
    "auprc": 0.9178758562599703,
    "detection_rate": 0.8898932439803632,
    "false_alarm_rate": 0.12573370404695705,
    "specificity": 0.874266295953043,
    "confusion_matrix": [
      [
        8490,
        1221
      ],
      [
        1413,
        11420
      ]
    ]
  },
  "LSTM": {
    "threshold": 0.05,
    "accuracy": 0.8197746628814763,
    "precision": 0.9611905763567522,
    "recall": 0.7121483674900647,
    "f1": 0.8181370574280471,
    "auroc": 0.9055173794860353,
    "auprc": 0.9279705972620241,
    "detection_rate": 0.7121483674900647,
    "false_alarm_rate": 0.037998146431881374,
    "specificity": 0.9620018535681186,
    "confusion_matrix": [
      [
        9342,
        369
      ],
      [
        3694,
        9139
      ]
    ]
  },
  "CNN": {
    "threshold": 0.05,
    "accuracy": 0.823500709723208,
    "precision": 0.9150571910744422,
    "recall": 0.7605392347853192,
    "f1": 0.8306736456870505,
    "auroc": 0.9172533221718353,
    "auprc": 0.9309214471432014,
    "detection_rate": 0.7605392347853192,
    "false_alarm_rate": 0.09329626197096076,
    "specificity": 0.9067037380290393,
    "confusion_matrix": [
      [
        8805,
        906
      ],
      [
        3073,
        9760
      ]
    ]
  },
  "RF/XGB": {
    "threshold": 0.05,
    "accuracy": 0.8711408800567778,
    "precision": 0.9191151637960149,
    "recall": 0.8482817735525598,
    "f1": 0.8822790452648215,
    "auroc": 0.9674324918372877,
    "auprc": 0.9708024019282743,
    "detection_rate": 0.8482817735525598,
    "false_alarm_rate": 0.09865101431366492,
    "specificity": 0.901348985686335,
    "confusion_matrix": [
      [
        8753,
        958
      ],
      [
        1947,
        10886
      ]
    ]
  },
  "Ensemble (no meta)": {
    "threshold": 0.05,
    "accuracy": 0.9229506742370476,
    "precision": 0.9084216725559482,
    "recall": 0.9615834177511104,
    "f1": 0.9342468864746186,
    "auroc": 0.9612854790277642,
    "auprc": 0.9577326997922258,
    "detection_rate": 0.9615834177511104,
    "false_alarm_rate": 0.12810215219853774,
    "specificity": 0.8718978478014623,
    "confusion_matrix": [
      [
        8467,
        1244
      ],
      [
        493,
        12340
      ]
    ]
  },
  "Meta-Learner (CLAF++)": {
    "threshold": 0.6051020408163266,
    "accuracy": 0.8129879347054648,
    "precision": 0.9707199825193925,
    "recall": 0.6923556456011845,
    "f1": 0.8082416082961885,
    "auroc": 0.9598191120884404,
    "auprc": 0.9633726086089728,
    "detection_rate": 0.6923556456011845,
    "false_alarm_rate": 0.027597569766244466,
    "specificity": 0.9724024302337555,
    "confusion_matrix": [
      [
        9443,
        268
      ],
      [
        3948,
        8885
      ]
    ]
  },
  "CLAF++ + Symbolic": {
    "threshold": 0.05,
    "accuracy": 0.834013484740951,
    "precision": 0.9704999482455232,
    "recall": 0.7306163796462246,
    "f1": 0.8336445274295368,
    "auroc": 0.9637076138443565,
    "auprc": 0.9684029048465252,
    "detection_rate": 0.7306163796462246,
    "false_alarm_rate": 0.02934816187828236,
    "specificity": 0.9706518381217176,
    "confusion_matrix": [
      [
        9426,
        285
      ],
      [
        3457,
        9376
      ]
    ]
  }
}