{
  "AE only": {
    "threshold": 0.2681,
    "accuracy": 0.8719836763662172,
    "precision": 0.8897421832144816,
    "recall": 0.8847502532533312,
    "f1": 0.8872391966867235,
    "auroc": 0.9433938251773296,
    "auprc": 0.9553027258116275,
    "detection_rate": 0.8847502532533312,
    "false_alarm_rate": 0.14488724127278343,
    "specificity": 0.8551127587272166,
    "confusion_matrix": [
      [
        8304,
        1407
      ],
      [
        1479,
        11354
      ]
    ]
  },
  "Generative branch": {
    "threshold": 0.14350000000000002,
    "accuracy": 0.8900372604684174,
    "precision": 0.891662883946134,
    "recall": 0.9184134652848126,
    "f1": 0.9048405051629496,
    "auroc": 0.9401830488590057,
    "auprc": 0.9471995410800362,
    "detection_rate": 0.9184134652848126,
    "false_alarm_rate": 0.14746164143754506,
    "specificity": 0.852538358562455,
    "confusion_matrix": [
      [
        8279,
        1432
      ],
      [
        1047,
        11786
      ]
    ]
  },
  "LSTM": {
    "threshold": 0.01,
    "accuracy": 0.8133871540099361,
    "precision": 0.9577584376990024,
    "recall": 0.7031870957687213,
    "f1": 0.810963828353179,
    "auroc": 0.9033203948510777,
    "auprc": 0.9247609521326986,
    "detection_rate": 0.7031870957687213,
    "false_alarm_rate": 0.04098445062300484,
    "specificity": 0.9590155493769952,
    "confusion_matrix": [
      [
        9313,
        398
      ],
      [
        3809,
        9024
      ]
    ]
  },
  "CNN": {
    "threshold": 0.01,
    "accuracy": 0.8450585521646558,
    "precision": 0.9192853295026037,
    "recall": 0.7978648796072625,
    "f1": 0.8542822577280881,
    "auroc": 0.9475663153887312,
    "auprc": 0.9534232461613192,
    "detection_rate": 0.7978648796072625,
    "false_alarm_rate": 0.09257542992482752,
    "specificity": 0.9074245700751725,
    "confusion_matrix": [
      [
        8812,
        899
      ],
      [
        2594,
        10239
      ]
    ]
  },
  "RF/XGB": {
    "threshold": 0.01,
    "accuracy": 0.9332416607523066,
    "precision": 0.9089530685920577,
    "recall": 0.980986519130367,
    "f1": 0.9435970468088296,
    "auroc": 0.9682563961817656,
    "auprc": 0.9721312610073892,
    "detection_rate": 0.980986519130367,
    "false_alarm_rate": 0.12985274431057564,
    "specificity": 0.8701472556894244,
    "confusion_matrix": [
      [
        8450,
        1261
      ],
      [
        244,
        12589
      ]
    ]
  },
  "Ensemble (no meta)": {
    "threshold": 0.0545,
    "accuracy": 0.9284953867991483,
    "precision": 0.9140896007085394,
    "recall": 0.965090002337723,
    "f1": 0.9388977333030096,
    "auroc": 0.9653494203473126,
    "auprc": 0.9688249690661564,
    "detection_rate": 0.965090002337723,
    "false_alarm_rate": 0.11986407167130059,
    "specificity": 0.8801359283286995,
    "confusion_matrix": [
      [
        8547,
        1164
      ],
      [
        448,
        12385
      ]
    ]
  },
  "Meta-Learner (CLAF++)": {
    "threshold": 0.01,
    "accuracy": 0.8476756564939674,
    "precision": 0.9428894543398361,
    "recall": 0.7796306397568769,
    "f1": 0.853523289541034,
    "auroc": 0.9631215300714775,
    "auprc": 0.9604939147134547,
    "detection_rate": 0.7796306397568769,
    "false_alarm_rate": 0.062403459993821436,
    "specificity": 0.9375965400061785,
    "confusion_matrix": [
      [
        9105,
        606
      ],
      [
        2828,
        10005
      ]
    ]
  },
  "CLAF++ + Symbolic": {
    "threshold": 0.01,
    "accuracy": 0.8476756564939674,
    "precision": 0.9428894543398361,
    "recall": 0.7796306397568769,
    "f1": 0.853523289541034,
    "auroc": 0.9631215300714775,
    "auprc": 0.9604939147134547,
    "detection_rate": 0.7796306397568769,
    "false_alarm_rate": 0.062403459993821436,
    "specificity": 0.9375965400061785,
    "confusion_matrix": [
      [
        9105,
        606
      ],
      [
        2828,
        10005
      ]
    ]
  }
}