{
  "AE only": {
    "threshold": 0.3749,
    "accuracy": 0.86372,
    "precision": 0.8964302489431658,
    "recall": 0.5627303553000147,
    "f1": 0.6914228783624672,
    "auroc": 0.8311425753984851,
    "auprc": 0.7493596954105517,
    "detection_rate": 0.5627303553000147,
    "false_alarm_rate": 0.02420815721578745,
    "specificity": 0.9757918427842126,
    "confusion_matrix": [
      [
        17776,
        441
      ],
      [
        2966,
        3817
      ]
    ]
  },
  "Generative branch": {
    "threshold": 0.1524,
    "accuracy": 0.86984,
    "precision": 0.8508649830980314,
    "recall": 0.6308418104083738,
    "f1": 0.7245174398916356,
    "auroc": 0.8546110990109561,
    "auprc": 0.7977094874694997,
    "detection_rate": 0.6308418104083738,
    "false_alarm_rate": 0.04117033540099907,
    "specificity": 0.958829664599001,
    "confusion_matrix": [
      [
        17467,
        750
      ],
      [
        2504,
        4279
      ]
    ]
  },
  "LSTM": {
    "threshold": 0.6419,
    "accuracy": 0.99488,
    "precision": 0.9920153777909212,
    "recall": 0.9890903729913018,
    "f1": 0.9905507160785472,
    "auroc": 0.9997390947087339,
    "auprc": 0.999422252856105,
    "detection_rate": 0.9890903729913018,
    "false_alarm_rate": 0.002964264148871933,
    "specificity": 0.997035735851128,
    "confusion_matrix": [
      [
        18163,
        54
      ],
      [
        74,
        6709
      ]
    ]
  },
  "CNN": {
    "threshold": 0.4728,
    "accuracy": 0.99532,
    "precision": 0.9894273127753304,
    "recall": 0.9933657673595754,
    "f1": 0.991392628558817,
    "auroc": 0.9997771027642081,
    "auprc": 0.9993502972273233,
    "detection_rate": 0.9933657673595754,
    "false_alarm_rate": 0.003952352198495911,
    "specificity": 0.9960476478015041,
    "confusion_matrix": [
      [
        18145,
        72
      ],
      [
        45,
        6738
      ]
    ]
  },
  "RF/XGB": {
    "threshold": 0.6241,
    "accuracy": 0.99756,
    "precision": 0.999405646359584,
    "recall": 0.9915966386554622,
    "f1": 0.9954858284614815,
    "auroc": 0.9999574113931795,
    "auprc": 0.9998550818278856,
    "detection_rate": 0.9915966386554622,
    "false_alarm_rate": 0.0002195751221386617,
    "specificity": 0.9997804248778613,
    "confusion_matrix": [
      [
        18213,
        4
      ],
      [
        57,
        6726
      ]
    ]
  },
  "Ensemble (no meta)": {
    "threshold": 0.5351,
    "accuracy": 0.99604,
    "precision": 0.993502658003544,
    "recall": 0.991891493439481,
    "f1": 0.9926964219845076,
    "auroc": 0.9998680137598792,
    "auprc": 0.999703325713891,
    "detection_rate": 0.991891493439481,
    "false_alarm_rate": 0.0024153263435252787,
    "specificity": 0.9975846736564747,
    "confusion_matrix": [
      [
        18173,
        44
      ],
      [
        55,
        6728
      ]
    ]
  },
  "Meta-Learner (CLAF++)": {
    "threshold": 0.8288,
    "accuracy": 0.99756,
    "precision": 0.999405646359584,
    "recall": 0.9915966386554622,
    "f1": 0.9954858284614815,
    "auroc": 0.9998976983223148,
    "auprc": 0.9997878995726315,
    "detection_rate": 0.9915966386554622,
    "false_alarm_rate": 0.0002195751221386617,
    "specificity": 0.9997804248778613,
    "confusion_matrix": [
      [
        18213,
        4
      ],
      [
        57,
        6726
      ]
    ]
  },
  "CLAF++ + Symbolic": {
    "threshold": 0.9,
    "accuracy": 0.99708,
    "precision": 0.9971843509187908,
    "recall": 0.9920389208314905,
    "f1": 0.9946049811543862,
    "auroc": 0.9991548882765896,
    "auprc": 0.9988021511629185,
    "detection_rate": 0.9920389208314905,
    "false_alarm_rate": 0.0010429818301586431,
    "specificity": 0.9989570181698414,
    "confusion_matrix": [
      [
        18198,
        19
      ],
      [
        54,
        6729
      ]
    ]
  }
}