Model,Accuracy,Precision,Recall,F1,AUROC,AUPRC,FalseAlarmRate,DetectionRate,Threshold
AE only,0.8713183108587651,0.8909005037783375,0.8819449855840411,0.8864001253083761,0.897155355422774,0.8862650725356653,0.14272474513438368,0.8819449855840411,0.31
AE + LSTM,0.8898154719659332,0.8987439315712414,0.9088288007480714,0.9037582332429291,0.92772759813869,0.9175574926233561,0.13531047265987026,0.9088288007480714,0.18
AE + CNN,0.8741572036905607,0.8923692887423458,0.8857632665783527,0.8890540064917289,0.9145345806678271,0.9091668597341986,0.14118010503552672,0.8857632665783527,0.18
Ensemble (no meta),0.9199787083037615,0.8940335834226509,0.9749863632821631,0.9327568212315491,0.9581836528169355,0.9622747763774269,0.15271341777365874,0.9749863632821631,0.49
Meta-Learner (CLAF++),0.8401792051100071,0.927710843373494,0.7800202602665004,0.8474791516742158,0.966051968996655,0.9700604881708526,0.08032128514056225,0.7800202602665004,0.01
CLAF++ + Symbolic,0.867680979418027,0.9242032730404823,0.8361256136523026,0.8779609704209794,0.9693369581722182,0.9734476207545496,0.0906188857996087,0.8361256136523026,0.01
