{
  "AE only": {
    "threshold": 0.2147,
    "accuracy": 0.8960699077359829,
    "precision": 0.8921202153110048,
    "recall": 0.9298683082677472,
    "f1": 0.9106032278988134,
    "auroc": 0.9281493118874906,
    "auprc": 0.9261031470810952,
    "detection_rate": 0.9298683082677472,
    "false_alarm_rate": 0.14859437751004015,
    "specificity": 0.8514056224899599,
    "confusion_matrix": [
      [
        8268,
        1443
      ],
      [
        900,
        11933
      ]
    ]
  },
  "Generative branch": {
    "threshold": 0.1168,
    "accuracy": 0.884625621007807,
    "precision": 0.9026444199590744,
    "recall": 0.8937115249746747,
    "f1": 0.8981557617761071,
    "auroc": 0.9297127890607239,
    "auprc": 0.9178758562599703,
    "detection_rate": 0.8937115249746747,
    "false_alarm_rate": 0.1273813201524045,
    "specificity": 0.8726186798475956,
    "confusion_matrix": [
      [
        8474,
        1237
      ],
      [
        1364,
        11469
      ]
    ]
  },
  "LSTM": {
    "threshold": 0.01,
    "accuracy": 0.8133871540099361,
    "precision": 0.9496455379482902,
    "recall": 0.7098106444323229,
    "f1": 0.812396878483835,
    "auroc": 0.9014532255221969,
    "auprc": 0.925606759593778,
    "detection_rate": 0.7098106444323229,
    "false_alarm_rate": 0.049737411183194316,
    "specificity": 0.9502625888168057,
    "confusion_matrix": [
      [
        9228,
        483
      ],
      [
        3724,
        9109
      ]
    ]
  },
  "CNN": {
    "threshold": 0.01,
    "accuracy": 0.8435947480482612,
    "precision": 0.9013367830961622,
    "recall": 0.8143847892153043,
    "f1": 0.8556574422793516,
    "auroc": 0.9132400182784218,
    "auprc": 0.9256432197300776,
    "detection_rate": 0.8143847892153043,
    "false_alarm_rate": 0.11780455153949129,
    "specificity": 0.8821954484605087,
    "confusion_matrix": [
      [
        8567,
        1144
      ],
      [
        2382,
        10451
      ]
    ]
  },
  "RF/XGB": {
    "threshold": 0.01,
    "accuracy": 0.9328867991483322,
    "precision": 0.9098479362780594,
    "recall": 0.9791163406841736,
    "f1": 0.9432121007394062,
    "auroc": 0.9674088321508986,
    "auprc": 0.9707804651961502,
    "detection_rate": 0.9791163406841736,
    "false_alarm_rate": 0.1282051282051282,
    "specificity": 0.8717948717948718,
    "confusion_matrix": [
      [
        8466,
        1245
      ],
      [
        268,
        12565
      ]
    ]
  },
  "Ensemble (no meta)": {
    "threshold": 0.0456,
    "accuracy": 0.927874378992193,
    "precision": 0.9029845379359942,
    "recall": 0.9784150237668511,
    "f1": 0.9391876729747924,
    "auroc": 0.9604323140265397,
    "auprc": 0.956698835299234,
    "detection_rate": 0.9784150237668511,
    "false_alarm_rate": 0.13891463289053652,
    "specificity": 0.8610853671094635,
    "confusion_matrix": [
      [
        8362,
        1349
      ],
      [
        277,
        12556
      ]
    ]
  },
  "Meta-Learner (CLAF++)": {
    "threshold": 0.01,
    "accuracy": 0.8345457771469127,
    "precision": 0.9232772249604762,
    "recall": 0.773630483908673,
    "f1": 0.8418553379123209,
    "auroc": 0.9624309175874746,
    "auprc": 0.9636102770331638,
    "detection_rate": 0.773630483908673,
    "false_alarm_rate": 0.08495520543713314,
    "specificity": 0.9150447945628668,
    "confusion_matrix": [
      [
        8886,
        825
      ],
      [
        2905,
        9928
      ]
    ]
  },
  "CLAF++ + Symbolic": {
    "threshold": 0.01,
    "accuracy": 0.8345457771469127,
    "precision": 0.9232772249604762,
    "recall": 0.773630483908673,
    "f1": 0.8418553379123209,
    "auroc": 0.9624309175874746,
    "auprc": 0.9636102770331638,
    "detection_rate": 0.773630483908673,
    "false_alarm_rate": 0.08495520543713314,
    "specificity": 0.9150447945628668,
    "confusion_matrix": [
      [
        8886,
        825
      ],
      [
        2905,
        9928
      ]
    ]
  }
}