{
  "AE only": {
    "threshold": 0.22000000000000003,
    "accuracy": 0.8870652945351313,
    "precision": 0.8918260074655291,
    "recall": 0.9122574612327593,
    "f1": 0.9019260400616332,
    "auroc": 0.9281493118874906,
    "auprc": 0.9261031470810952,
    "detection_rate": 0.9122574612327593,
    "false_alarm_rate": 0.1462259293584595,
    "specificity": 0.8537740706415405,
    "confusion_matrix": [
      [
        8291,
        1420
      ],
      [
        1126,
        11707
      ]
    ]
  },
  "Generative branch": {
    "threshold": 0.11800000000000001,
    "accuracy": 0.8831618168914124,
    "precision": 0.9034095403844633,
    "recall": 0.8898932439803632,
    "f1": 0.8966004553662558,
    "auroc": 0.9297127890607239,
    "auprc": 0.9178758562599703,
    "detection_rate": 0.8898932439803632,
    "false_alarm_rate": 0.12573370404695705,
    "specificity": 0.874266295953043,
    "confusion_matrix": [
      [
        8490,
        1221
      ],
      [
        1413,
        11420
      ]
    ]
  },
  "LSTM": {
    "threshold": 0.05,
    "accuracy": 0.8197746628814763,
    "precision": 0.9611905763567522,
    "recall": 0.7121483674900647,
    "f1": 0.8181370574280471,
    "auroc": 0.9055173794860353,
    "auprc": 0.9279705972620241,
    "detection_rate": 0.7121483674900647,
    "false_alarm_rate": 0.037998146431881374,
    "specificity": 0.9620018535681186,
    "confusion_matrix": [
      [
        9342,
        369
      ],
      [
        3694,
        9139
      ]
    ]
  },
  "CNN": {
    "threshold": 0.05,
    "accuracy": 0.823500709723208,
    "precision": 0.9150571910744422,
    "recall": 0.7605392347853192,
    "f1": 0.8306736456870505,
    "auroc": 0.9172533221718353,
    "auprc": 0.9309214471432014,
    "detection_rate": 0.7605392347853192,
    "false_alarm_rate": 0.09329626197096076,
    "specificity": 0.9067037380290393,
    "confusion_matrix": [
      [
        8805,
        906
      ],
      [
        3073,
        9760
      ]
    ]
  },
  "RF/XGB": {
    "threshold": 0.2,
    "accuracy": 0.830819730305181,
    "precision": 0.9680332122470161,
    "recall": 0.726798098651913,
    "f1": 0.8302474630585722,
    "auroc": 0.9674324918372877,
    "auprc": 0.9708024019282743,
    "detection_rate": 0.726798098651913,
    "false_alarm_rate": 0.03171661002986304,
    "specificity": 0.968283389970137,
    "confusion_matrix": [
      [
        9403,
        308
      ],
      [
        3506,
        9327
      ]
    ]
  },
  "Ensemble (no meta)": {
    "threshold": 0.05,
    "accuracy": 0.9229506742370476,
    "precision": 0.9084216725559482,
    "recall": 0.9615834177511104,
    "f1": 0.9342468864746186,
    "auroc": 0.9612854790277642,
    "auprc": 0.9577326997922258,
    "detection_rate": 0.9615834177511104,
    "false_alarm_rate": 0.12810215219853774,
    "specificity": 0.8718978478014623,
    "confusion_matrix": [
      [
        8467,
        1244
      ],
      [
        493,
        12340
      ]
    ]
  },
  "Meta-Learner (CLAF++)": {
    "threshold": 0.47551020408163264,
    "accuracy": 0.8182665010645848,
    "precision": 0.9705882352941176,
    "recall": 0.7020182342398504,
    "f1": 0.8147411259326249,
    "auroc": 0.9594520198370963,
    "auprc": 0.9625696481621147,
    "detection_rate": 0.7020182342398504,
    "false_alarm_rate": 0.028112449799196786,
    "specificity": 0.9718875502008032,
    "confusion_matrix": [
      [
        9438,
        273
      ],
      [
        3824,
        9009
      ]
    ]
  },
  "CLAF++ + Symbolic": {
    "threshold": 0.05,
    "accuracy": 0.8357877927608233,
    "precision": 0.9696533278469294,
    "recall": 0.7345125847424608,
    "f1": 0.8358606012237297,
    "auroc": 0.963525401760693,
    "auprc": 0.9678434976490344,
    "detection_rate": 0.7345125847424608,
    "false_alarm_rate": 0.030377921944187005,
    "specificity": 0.969622078055813,
    "confusion_matrix": [
      [
        9416,
        295
      ],
      [
        3407,
        9426
      ]
    ]
  }
}