{
  "AE only": {
    "threshold": 0.24,
    "accuracy": 0.8666163946061036,
    "precision": 0.8682356468295608,
    "recall": 0.9026727966960181,
    "f1": 0.885119388729704,
    "auroc": 0.897155355422774,
    "auprc": 0.8862650725356653,
    "detection_rate": 0.9026727966960181,
    "false_alarm_rate": 0.18103181958603645,
    "specificity": 0.8189681804139636,
    "confusion_matrix": [
      [
        7953,
        1758
      ],
      [
        1249,
        11584
      ]
    ]
  },
  "Generative branch": {
    "threshold": 0.48,
    "accuracy": 0.9054737402413059,
    "precision": 0.8939193168433451,
    "recall": 0.9462323696719396,
    "f1": 0.9193322481735247,
    "auroc": 0.9534200556128212,
    "auprc": 0.9628092763171816,
    "detection_rate": 0.9462323696719396,
    "false_alarm_rate": 0.14838842549685924,
    "specificity": 0.8516115745031407,
    "confusion_matrix": [
      [
        8270,
        1441
      ],
      [
        690,
        12143
      ]
    ]
  },
  "LSTM": {
    "threshold": 0.01,
    "accuracy": 0.8383161816891412,
    "precision": 0.9112065878983172,
    "recall": 0.7932673575937037,
    "f1": 0.8481566340345761,
    "auroc": 0.9190995841536287,
    "auprc": 0.9344581688865439,
    "detection_rate": 0.7932673575937037,
    "false_alarm_rate": 0.10215219853774071,
    "specificity": 0.8978478014622593,
    "confusion_matrix": [
      [
        8719,
        992
      ],
      [
        2653,
        10180
      ]
    ]
  },
  "CNN": {
    "threshold": 0.04,
    "accuracy": 0.8180890702625976,
    "precision": 0.8486106675183648,
    "recall": 0.8281773552559807,
    "f1": 0.8382695113775289,
    "auroc": 0.8819074358121374,
    "auprc": 0.9169644710707979,
    "detection_rate": 0.8281773552559807,
    "false_alarm_rate": 0.19524250849552055,
    "specificity": 0.8047574915044795,
    "confusion_matrix": [
      [
        7815,
        1896
      ],
      [
        2205,
        10628
      ]
    ]
  },
  "RF/XGB": {
    "threshold": 0.01,
    "accuracy": 0.9147001419446416,
    "precision": 0.8818423631527369,
    "recall": 0.9816878360476895,
    "f1": 0.9290903056897378,
    "auroc": 0.9643147935356746,
    "auprc": 0.9688148520169815,
    "detection_rate": 0.9816878360476895,
    "false_alarm_rate": 0.17382349912470393,
    "specificity": 0.826176500875296,
    "confusion_matrix": [
      [
        8023,
        1688
      ],
      [
        235,
        12598
      ]
    ]
  },
  "Ensemble (no meta)": {
    "threshold": 0.49,
    "accuracy": 0.9199787083037615,
    "precision": 0.8940335834226509,
    "recall": 0.9749863632821631,
    "f1": 0.9327568212315491,
    "auroc": 0.9581836528169355,
    "auprc": 0.9622747763774269,
    "detection_rate": 0.9749863632821631,
    "false_alarm_rate": 0.15271341777365874,
    "specificity": 0.8472865822263412,
    "confusion_matrix": [
      [
        8228,
        1483
      ],
      [
        321,
        12512
      ]
    ]
  },
  "Meta-Learner (CLAF++)": {
    "threshold": 0.01,
    "accuracy": 0.8335699077359829,
    "precision": 0.9224899972085233,
    "recall": 0.7725395464817268,
    "f1": 0.8408821034775233,
    "auroc": 0.9602721647910117,
    "auprc": 0.9655076465232317,
    "detection_rate": 0.7725395464817268,
    "false_alarm_rate": 0.08577901348985686,
    "specificity": 0.9142209865101432,
    "confusion_matrix": [
      [
        8878,
        833
      ],
      [
        2919,
        9914
      ]
    ]
  },
  "CLAF++ + Symbolic": {
    "threshold": 0.01,
    "accuracy": 0.8335699077359829,
    "precision": 0.9224899972085233,
    "recall": 0.7725395464817268,
    "f1": 0.8408821034775233,
    "auroc": 0.9602721647910117,
    "auprc": 0.9655076465232317,
    "detection_rate": 0.7725395464817268,
    "false_alarm_rate": 0.08577901348985686,
    "specificity": 0.9142209865101432,
    "confusion_matrix": [
      [
        8878,
        833
      ],
      [
        2919,
        9914
      ]
    ]
  }
}