{
  "AE only": {
    "threshold": 0.3393,
    "accuracy": 0.88232,
    "precision": 0.8551877196227113,
    "recall": 0.681704260651629,
    "f1": 0.7586546349466776,
    "auroc": 0.8319797925497429,
    "auprc": 0.7604025430079147,
    "detection_rate": 0.681704260651629,
    "false_alarm_rate": 0.04298183015864303,
    "specificity": 0.957018169841357,
    "confusion_matrix": [
      [
        17434,
        783
      ],
      [
        2159,
        4624
      ]
    ]
  },
  "Generative branch": {
    "threshold": 0.1613,
    "accuracy": 0.893,
    "precision": 0.9016425498631209,
    "recall": 0.6797877045555064,
    "f1": 0.775153400016811,
    "auroc": 0.8403452429529694,
    "auprc": 0.788220371942697,
    "detection_rate": 0.6797877045555064,
    "false_alarm_rate": 0.027611571608936708,
    "specificity": 0.9723884283910633,
    "confusion_matrix": [
      [
        17714,
        503
      ],
      [
        2172,
        4611
      ]
    ]
  },
  "LSTM": {
    "threshold": 0.8822,
    "accuracy": 0.99604,
    "precision": 0.9958456973293769,
    "recall": 0.9895326551673301,
    "f1": 0.9926791392442506,
    "auroc": 0.9996232172803711,
    "auprc": 0.9992663234329929,
    "detection_rate": 0.9895326551673301,
    "false_alarm_rate": 0.0015370258549706319,
    "specificity": 0.9984629741450294,
    "confusion_matrix": [
      [
        18189,
        28
      ],
      [
        71,
        6712
      ]
    ]
  },
  "CNN": {
    "threshold": 0.5974,
    "accuracy": 0.9954,
    "precision": 0.9929036073329391,
    "recall": 0.9901223647353679,
    "f1": 0.9915110356536503,
    "auroc": 0.9998742088341824,
    "auprc": 0.9996668497875307,
    "detection_rate": 0.9901223647353679,
    "false_alarm_rate": 0.0026349014656639404,
    "specificity": 0.9973650985343361,
    "confusion_matrix": [
      [
        18169,
        48
      ],
      [
        67,
        6716
      ]
    ]
  },
  "RF/XGB": {
    "threshold": 0.6063,
    "accuracy": 0.99804,
    "precision": 0.9992586002372479,
    "recall": 0.9935131947515848,
    "f1": 0.9963776151400902,
    "auroc": 0.9999746127392692,
    "auprc": 0.9999105687174924,
    "detection_rate": 0.9935131947515848,
    "false_alarm_rate": 0.00027446890267332713,
    "specificity": 0.9997255310973266,
    "confusion_matrix": [
      [
        18212,
        5
      ],
      [
        44,
        6739
      ]
    ]
  },
  "Ensemble (no meta)": {
    "threshold": 0.6152,
    "accuracy": 0.9966,
    "precision": 0.9973269973269974,
    "recall": 0.9901223647353679,
    "f1": 0.9937116224014204,
    "auroc": 0.999939603083572,
    "auprc": 0.9998419983653534,
    "detection_rate": 0.9901223647353679,
    "false_alarm_rate": 0.0009880880496239777,
    "specificity": 0.999011911950376,
    "confusion_matrix": [
      [
        18199,
        18
      ],
      [
        67,
        6716
      ]
    ]
  },
  "Meta-Learner (CLAF++)": {
    "threshold": 0.7932,
    "accuracy": 0.99772,
    "precision": 0.9979271542789458,
    "recall": 0.9936606221435943,
    "f1": 0.9957893181650291,
    "auroc": 0.9999357427956,
    "auprc": 0.9998438356986786,
    "detection_rate": 0.9936606221435943,
    "false_alarm_rate": 0.0007685129274853159,
    "specificity": 0.9992314870725146,
    "confusion_matrix": [
      [
        18203,
        14
      ],
      [
        43,
        6740
      ]
    ]
  },
  "CLAF++ + Symbolic": {
    "threshold": 0.7932,
    "accuracy": 0.99772,
    "precision": 0.9979271542789458,
    "recall": 0.9936606221435943,
    "f1": 0.9957893181650291,
    "auroc": 0.9999357427956,
    "auprc": 0.9998438356986786,
    "detection_rate": 0.9936606221435943,
    "false_alarm_rate": 0.0007685129274853159,
    "specificity": 0.9992314870725146,
    "confusion_matrix": [
      [
        18203,
        14
      ],
      [
        43,
        6740
      ]
    ]
  }
}