{
  "AE only": {
    "threshold": 0.22,
    "accuracy": 0.8870652945351313,
    "precision": 0.8918260074655291,
    "recall": 0.9122574612327593,
    "f1": 0.9019260400616332,
    "auroc": 0.9281493118874906,
    "auprc": 0.9261031470810952,
    "detection_rate": 0.9122574612327593,
    "false_alarm_rate": 0.1462259293584595,
    "specificity": 0.8537740706415405,
    "confusion_matrix": [
      [
        8291,
        1420
      ],
      [
        1126,
        11707
      ]
    ]
  },
  "Generative branch": {
    "threshold": 0.49,
    "accuracy": 0.8940294535131299,
    "precision": 0.8978969826272478,
    "recall": 0.9182576170809631,
    "f1": 0.9079631698578419,
    "auroc": 0.9322793895934115,
    "auprc": 0.918570547404501,
    "detection_rate": 0.9182576170809631,
    "false_alarm_rate": 0.13798784883122234,
    "specificity": 0.8620121511687777,
    "confusion_matrix": [
      [
        8371,
        1340
      ],
      [
        1049,
        11784
      ]
    ]
  },
  "LSTM": {
    "threshold": 0.01,
    "accuracy": 0.8238112136266856,
    "precision": 0.9587863725794761,
    "recall": 0.7214992597210317,
    "f1": 0.8233881725211205,
    "auroc": 0.9055173794860353,
    "auprc": 0.9279705972620241,
    "detection_rate": 0.7214992597210317,
    "false_alarm_rate": 0.04098445062300484,
    "specificity": 0.9590155493769952,
    "confusion_matrix": [
      [
        9313,
        398
      ],
      [
        3574,
        9259
      ]
    ]
  },
  "CNN": {
    "threshold": 0.01,
    "accuracy": 0.8459013484740951,
    "precision": 0.903022995435363,
    "recall": 0.8170342086807449,
    "f1": 0.8578792341678939,
    "auroc": 0.9172533221718353,
    "auprc": 0.9309214471432014,
    "detection_rate": 0.8170342086807449,
    "false_alarm_rate": 0.11595098342086294,
    "specificity": 0.884049016579137,
    "confusion_matrix": [
      [
        8585,
        1126
      ],
      [
        2348,
        10485
      ]
    ]
  },
  "RF/XGB": {
    "threshold": 0.01,
    "accuracy": 0.9329755145493258,
    "precision": 0.9098016504994932,
    "recall": 0.9793501129899478,
    "f1": 0.9432956805644163,
    "auroc": 0.9674324918372877,
    "auprc": 0.9708024019282743,
    "detection_rate": 0.9793501129899478,
    "false_alarm_rate": 0.12830810421171868,
    "specificity": 0.8716918957882813,
    "confusion_matrix": [
      [
        8465,
        1246
      ],
      [
        265,
        12568
      ]
    ]
  },
  "Ensemble (no meta)": {
    "threshold": 0.5,
    "accuracy": 0.915764726756565,
    "precision": 0.9148580968280468,
    "recall": 0.9394529728044885,
    "f1": 0.9269924262811887,
    "auroc": 0.9600725479728126,
    "auprc": 0.9561270880706237,
    "detection_rate": 0.9394529728044885,
    "false_alarm_rate": 0.11553907939450109,
    "specificity": 0.884460920605499,
    "confusion_matrix": [
      [
        8589,
        1122
      ],
      [
        777,
        12056
      ]
    ]
  },
  "Meta-Learner (CLAF++)": {
    "threshold": 0.01,
    "accuracy": 0.8354772888573456,
    "precision": 0.9690520254986634,
    "recall": 0.7344346606405361,
    "f1": 0.8355866838069064,
    "auroc": 0.9599482553791804,
    "auprc": 0.9557647667336355,
    "detection_rate": 0.7344346606405361,
    "false_alarm_rate": 0.03099577798372979,
    "specificity": 0.9690042220162702,
    "confusion_matrix": [
      [
        9410,
        301
      ],
      [
        3408,
        9425
      ]
    ]
  },
  "CLAF++ + Symbolic": {
    "threshold": 0.01,
    "accuracy": 0.8750887154009936,
    "precision": 0.9626789838337182,
    "recall": 0.8120470661575625,
    "f1": 0.880970496238059,
    "auroc": 0.9650350879528481,
    "auprc": 0.9631950821248881,
    "detection_rate": 0.8120470661575625,
    "false_alarm_rate": 0.041602306662547626,
    "specificity": 0.9583976933374524,
    "confusion_matrix": [
      [
        9307,
        404
      ],
      [
        2412,
        10421
      ]
    ]
  }
}