{
  "AE only": {
    "threshold": 0.31,
    "accuracy": 0.8713183108587651,
    "precision": 0.8909005037783375,
    "recall": 0.8819449855840411,
    "f1": 0.8864001253083761,
    "auroc": 0.897155355422774,
    "auprc": 0.8862650725356653,
    "detection_rate": 0.8819449855840411,
    "false_alarm_rate": 0.14272474513438368,
    "specificity": 0.8572752548656163,
    "confusion_matrix": [
      [
        8325,
        1386
      ],
      [
        1515,
        11318
      ]
    ]
  },
  "Generative branch": {
    "threshold": 0.47000000000000003,
    "accuracy": 0.9020581973030518,
    "precision": 0.8852708680832547,
    "recall": 0.9512195121951219,
    "f1": 0.917061077304485,
    "auroc": 0.9534200556128212,
    "auprc": 0.9628092763171816,
    "detection_rate": 0.9512195121951219,
    "false_alarm_rate": 0.1629080424261147,
    "specificity": 0.8370919575738853,
    "confusion_matrix": [
      [
        8129,
        1582
      ],
      [
        626,
        12207
      ]
    ]
  },
  "LSTM": {
    "threshold": 0.01,
    "accuracy": 0.8383161816891412,
    "precision": 0.9112065878983172,
    "recall": 0.7932673575937037,
    "f1": 0.8481566340345761,
    "auroc": 0.9190995841536287,
    "auprc": 0.9344581688865439,
    "detection_rate": 0.7932673575937037,
    "false_alarm_rate": 0.10215219853774071,
    "specificity": 0.8978478014622593,
    "confusion_matrix": [
      [
        8719,
        992
      ],
      [
        2653,
        10180
      ]
    ]
  },
  "CNN": {
    "threshold": 0.04,
    "accuracy": 0.8180890702625976,
    "precision": 0.8486106675183648,
    "recall": 0.8281773552559807,
    "f1": 0.8382695113775289,
    "auroc": 0.8819074358121374,
    "auprc": 0.9169644710707979,
    "detection_rate": 0.8281773552559807,
    "false_alarm_rate": 0.19524250849552055,
    "specificity": 0.8047574915044795,
    "confusion_matrix": [
      [
        7815,
        1896
      ],
      [
        2205,
        10628
      ]
    ]
  },
  "RF/XGB": {
    "threshold": 0.01,
    "accuracy": 0.9147001419446416,
    "precision": 0.8818423631527369,
    "recall": 0.9816878360476895,
    "f1": 0.9290903056897378,
    "auroc": 0.9643147935356746,
    "auprc": 0.9688148520169815,
    "detection_rate": 0.9816878360476895,
    "false_alarm_rate": 0.17382349912470393,
    "specificity": 0.826176500875296,
    "confusion_matrix": [
      [
        8023,
        1688
      ],
      [
        235,
        12598
      ]
    ]
  },
  "Ensemble (no meta)": {
    "threshold": 0.49,
    "accuracy": 0.9199787083037615,
    "precision": 0.8940335834226509,
    "recall": 0.9749863632821631,
    "f1": 0.9327568212315491,
    "auroc": 0.9581836528169355,
    "auprc": 0.9622747763774269,
    "detection_rate": 0.9749863632821631,
    "false_alarm_rate": 0.15271341777365874,
    "specificity": 0.8472865822263412,
    "confusion_matrix": [
      [
        8228,
        1483
      ],
      [
        321,
        12512
      ]
    ]
  },
  "Meta-Learner (CLAF++)": {
    "threshold": 0.01,
    "accuracy": 0.8401792051100071,
    "precision": 0.927710843373494,
    "recall": 0.7800202602665004,
    "f1": 0.8474791516742158,
    "auroc": 0.966051968996655,
    "auprc": 0.9700604881708526,
    "detection_rate": 0.7800202602665004,
    "false_alarm_rate": 0.08032128514056225,
    "specificity": 0.9196787148594378,
    "confusion_matrix": [
      [
        8931,
        780
      ],
      [
        2823,
        10010
      ]
    ]
  },
  "CLAF++ + Symbolic": {
    "threshold": 0.01,
    "accuracy": 0.867680979418027,
    "precision": 0.9242032730404823,
    "recall": 0.8361256136523026,
    "f1": 0.8779609704209794,
    "auroc": 0.9693369581722182,
    "auprc": 0.9734476207545496,
    "detection_rate": 0.8361256136523026,
    "false_alarm_rate": 0.0906188857996087,
    "specificity": 0.9093811142003914,
    "confusion_matrix": [
      [
        8831,
        880
      ],
      [
        2103,
        10730
      ]
    ]
  }
}