Model,Threshold,AUROC,AUPRC,F1,DetectionRate,FalseAlarmRate,Precision,Recall,seed
AE only,0.3749,0.831143,0.74936,0.691423,0.56273,0.024208,0.89643,0.56273,1
Generative branch,0.1524,0.854611,0.797709,0.724517,0.630842,0.04117,0.850865,0.630842,1
LSTM,0.6419,0.999739,0.999422,0.990551,0.98909,0.002964,0.992015,0.98909,1
CNN,0.4728,0.999777,0.99935,0.991393,0.993366,0.003952,0.989427,0.993366,1
RF/XGB,0.6241,0.999957,0.999855,0.995486,0.991597,0.00022,0.999406,0.991597,1
Ensemble (no meta),0.5351,0.999868,0.999703,0.992696,0.991891,0.002415,0.993503,0.991891,1
Meta-Learner (CLAF++),0.8288,0.999898,0.999788,0.995486,0.991597,0.00022,0.999406,0.991597,1
CLAF++ + Symbolic,0.9,0.999155,0.998802,0.994605,0.992039,0.001043,0.997184,0.992039,1
