{
  "AE only": {
    "threshold": 0.22000000000000003,
    "accuracy": 0.8870652945351313,
    "precision": 0.8918260074655291,
    "recall": 0.9122574612327593,
    "f1": 0.9019260400616332,
    "auroc": 0.9281493118874906,
    "auprc": 0.9261031470810952,
    "detection_rate": 0.9122574612327593,
    "false_alarm_rate": 0.1462259293584595,
    "specificity": 0.8537740706415405,
    "confusion_matrix": [
      [
        8291,
        1420
      ],
      [
        1126,
        11707
      ]
    ]
  },
  "Generative branch": {
    "threshold": 0.11800000000000001,
    "accuracy": 0.8831618168914124,
    "precision": 0.9034095403844633,
    "recall": 0.8898932439803632,
    "f1": 0.8966004553662558,
    "auroc": 0.9297127890607239,
    "auprc": 0.9178758562599703,
    "detection_rate": 0.8898932439803632,
    "false_alarm_rate": 0.12573370404695705,
    "specificity": 0.874266295953043,
    "confusion_matrix": [
      [
        8490,
        1221
      ],
      [
        1413,
        11420
      ]
    ]
  },
  "LSTM": {
    "threshold": 0.01,
    "accuracy": 0.8133871540099361,
    "precision": 0.9496455379482902,
    "recall": 0.7098106444323229,
    "f1": 0.812396878483835,
    "auroc": 0.9014532255221969,
    "auprc": 0.925606759593778,
    "detection_rate": 0.7098106444323229,
    "false_alarm_rate": 0.049737411183194316,
    "specificity": 0.9502625888168057,
    "confusion_matrix": [
      [
        9228,
        483
      ],
      [
        3724,
        9109
      ]
    ]
  },
  "CNN": {
    "threshold": 0.01,
    "accuracy": 0.8435947480482612,
    "precision": 0.9013367830961622,
    "recall": 0.8143847892153043,
    "f1": 0.8556574422793516,
    "auroc": 0.9132400182784218,
    "auprc": 0.9256432197300776,
    "detection_rate": 0.8143847892153043,
    "false_alarm_rate": 0.11780455153949129,
    "specificity": 0.8821954484605087,
    "confusion_matrix": [
      [
        8567,
        1144
      ],
      [
        2382,
        10451
      ]
    ]
  },
  "RF/XGB": {
    "threshold": 0.2,
    "accuracy": 0.8308640880056778,
    "precision": 0.9679394065158746,
    "recall": 0.7269539468557625,
    "f1": 0.8303146277424236,
    "auroc": 0.9674088321508986,
    "auprc": 0.9707804651961502,
    "detection_rate": 0.7269539468557625,
    "false_alarm_rate": 0.031819586036453504,
    "specificity": 0.9681804139635465,
    "confusion_matrix": [
      [
        9402,
        309
      ],
      [
        3504,
        9329
      ]
    ]
  },
  "Ensemble (no meta)": {
    "threshold": 0.05,
    "accuracy": 0.9244144783534421,
    "precision": 0.9085835964461414,
    "recall": 0.9642328372165511,
    "f1": 0.935581430515651,
    "auroc": 0.9604323140265397,
    "auprc": 0.956698835299234,
    "detection_rate": 0.9642328372165511,
    "false_alarm_rate": 0.1282051282051282,
    "specificity": 0.8717948717948718,
    "confusion_matrix": [
      [
        8466,
        1245
      ],
      [
        459,
        12374
      ]
    ]
  },
  "Meta-Learner (CLAF++)": {
    "threshold": 0.1,
    "accuracy": 0.8346344925479063,
    "precision": 0.968701739936168,
    "recall": 0.7331878750097405,
    "f1": 0.8346491617138295,
    "auroc": 0.9562242640728174,
    "auprc": 0.9625586340439345,
    "detection_rate": 0.7331878750097405,
    "false_alarm_rate": 0.03130470600350119,
    "specificity": 0.9686952939964988,
    "confusion_matrix": [
      [
        9407,
        304
      ],
      [
        3424,
        9409
      ]
    ]
  },
  "CLAF++ + Symbolic": {
    "threshold": 0.05,
    "accuracy": 0.8364088005677786,
    "precision": 0.9688301035578796,
    "recall": 0.7363048390867295,
    "f1": 0.8367130080580891,
    "auroc": 0.9562242640728174,
    "auprc": 0.9625586340439345,
    "detection_rate": 0.7363048390867295,
    "false_alarm_rate": 0.03130470600350119,
    "specificity": 0.9686952939964988,
    "confusion_matrix": [
      [
        9407,
        304
      ],
      [
        3384,
        9449
      ]
    ]
  }
}