{
  "AE only": {
    "threshold": 0.35710000000000003,
    "accuracy": 0.8588,
    "precision": 0.8542801132650839,
    "recall": 0.5782102314610055,
    "f1": 0.6896430455424652,
    "auroc": 0.8386560837155159,
    "auprc": 0.7427992247370815,
    "detection_rate": 0.5782102314610055,
    "false_alarm_rate": 0.036723939177691164,
    "specificity": 0.9632760608223089,
    "confusion_matrix": [
      [
        17548,
        669
      ],
      [
        2861,
        3922
      ]
    ]
  },
  "Generative branch": {
    "threshold": 0.1613,
    "accuracy": 0.87848,
    "precision": 0.8934650136583315,
    "recall": 0.6268612708241191,
    "f1": 0.7367873852018715,
    "auroc": 0.8592217638406763,
    "auprc": 0.7874773990080229,
    "detection_rate": 0.6268612708241191,
    "false_alarm_rate": 0.027831146731075368,
    "specificity": 0.9721688532689247,
    "confusion_matrix": [
      [
        17710,
        507
      ],
      [
        2531,
        4252
      ]
    ]
  },
  "LSTM": {
    "threshold": 0.8466,
    "accuracy": 0.99588,
    "precision": 0.9949614700652045,
    "recall": 0.9898275099513489,
    "f1": 0.9923878501219422,
    "auroc": 0.9996314962627517,
    "auprc": 0.9992406378191067,
    "detection_rate": 0.9898275099513489,
    "false_alarm_rate": 0.0018663885381786244,
    "specificity": 0.9981336114618213,
    "confusion_matrix": [
      [
        18183,
        34
      ],
      [
        69,
        6714
      ]
    ]
  },
  "CNN": {
    "threshold": 0.7042,
    "accuracy": 0.99684,
    "precision": 0.9970344009489917,
    "recall": 0.9913017838714433,
    "f1": 0.9941598284911658,
    "auroc": 0.9999229156332606,
    "auprc": 0.999788073839312,
    "detection_rate": 0.9913017838714433,
    "false_alarm_rate": 0.0010978756106933085,
    "specificity": 0.9989021243893067,
    "confusion_matrix": [
      [
        18197,
        20
      ],
      [
        59,
        6724
      ]
    ]
  },
  "RF/XGB": {
    "threshold": 0.6152,
    "accuracy": 0.99768,
    "precision": 0.9986652825152009,
    "recall": 0.9927760577915377,
    "f1": 0.9957119621469762,
    "auroc": 0.9999696073134604,
    "auprc": 0.9998923499299341,
    "detection_rate": 0.9927760577915377,
    "false_alarm_rate": 0.0004940440248119889,
    "specificity": 0.999505955975188,
    "confusion_matrix": [
      [
        18208,
        9
      ],
      [
        49,
        6734
      ]
    ]
  },
  "Ensemble (no meta)": {
    "threshold": 0.6686,
    "accuracy": 0.99684,
    "precision": 0.997624703087886,
    "recall": 0.9907120743034056,
    "f1": 0.9941563725127598,
    "auroc": 0.9998760904210872,
    "auprc": 0.9997264077556482,
    "detection_rate": 0.9907120743034056,
    "false_alarm_rate": 0.0008783004885546468,
    "specificity": 0.9991216995114454,
    "confusion_matrix": [
      [
        18201,
        16
      ],
      [
        63,
        6720
      ]
    ]
  },
  "Meta-Learner (CLAF++)": {
    "threshold": 0.8911,
    "accuracy": 0.99732,
    "precision": 0.9983674680914217,
    "recall": 0.9917440660474717,
    "f1": 0.995044745211153,
    "auroc": 0.9999319634360968,
    "auprc": 0.9998540324863058,
    "detection_rate": 0.9917440660474717,
    "false_alarm_rate": 0.0006038315858813197,
    "specificity": 0.9993961684141187,
    "confusion_matrix": [
      [
        18206,
        11
      ],
      [
        56,
        6727
      ]
    ]
  },
  "CLAF++ + Symbolic": {
    "threshold": 0.8911,
    "accuracy": 0.99732,
    "precision": 0.9983674680914217,
    "recall": 0.9917440660474717,
    "f1": 0.995044745211153,
    "auroc": 0.9999319634360968,
    "auprc": 0.9998540324863058,
    "detection_rate": 0.9917440660474717,
    "false_alarm_rate": 0.0006038315858813197,
    "specificity": 0.9993961684141187,
    "confusion_matrix": [
      [
        18206,
        11
      ],
      [
        56,
        6727
      ]
    ]
  }
}