{
  "AE only": {
    "threshold": 0.22,
    "accuracy": 0.8870652945351313,
    "precision": 0.8918260074655291,
    "recall": 0.9122574612327593,
    "f1": 0.9019260400616332,
    "auroc": 0.9281493118874906,
    "auprc": 0.9261031470810952,
    "detection_rate": 0.9122574612327593,
    "false_alarm_rate": 0.1462259293584595,
    "specificity": 0.8537740706415405,
    "confusion_matrix": [
      [
        8291,
        1420
      ],
      [
        1126,
        11707
      ]
    ]
  },
  "Generative branch": {
    "threshold": 0.49,
    "accuracy": 0.8940294535131299,
    "precision": 0.8978969826272478,
    "recall": 0.9182576170809631,
    "f1": 0.9079631698578419,
    "auroc": 0.9322793895934115,
    "auprc": 0.918570547404501,
    "detection_rate": 0.9182576170809631,
    "false_alarm_rate": 0.13798784883122234,
    "specificity": 0.8620121511687777,
    "confusion_matrix": [
      [
        8371,
        1340
      ],
      [
        1049,
        11784
      ]
    ]
  },
  "LSTM": {
    "threshold": 0.01,
    "accuracy": 0.8133871540099361,
    "precision": 0.9496455379482902,
    "recall": 0.7098106444323229,
    "f1": 0.812396878483835,
    "auroc": 0.9014532255221969,
    "auprc": 0.925606759593778,
    "detection_rate": 0.7098106444323229,
    "false_alarm_rate": 0.049737411183194316,
    "specificity": 0.9502625888168057,
    "confusion_matrix": [
      [
        9228,
        483
      ],
      [
        3724,
        9109
      ]
    ]
  },
  "CNN": {
    "threshold": 0.01,
    "accuracy": 0.8435947480482612,
    "precision": 0.9013367830961622,
    "recall": 0.8143847892153043,
    "f1": 0.8556574422793516,
    "auroc": 0.9132400182784218,
    "auprc": 0.9256432197300776,
    "detection_rate": 0.8143847892153043,
    "false_alarm_rate": 0.11780455153949129,
    "specificity": 0.8821954484605087,
    "confusion_matrix": [
      [
        8567,
        1144
      ],
      [
        2382,
        10451
      ]
    ]
  },
  "RF/XGB": {
    "threshold": 0.01,
    "accuracy": 0.9328867991483322,
    "precision": 0.9098479362780594,
    "recall": 0.9791163406841736,
    "f1": 0.9432121007394062,
    "auroc": 0.9674088321508986,
    "auprc": 0.9707804651961502,
    "detection_rate": 0.9791163406841736,
    "false_alarm_rate": 0.1282051282051282,
    "specificity": 0.8717948717948718,
    "confusion_matrix": [
      [
        8466,
        1245
      ],
      [
        268,
        12565
      ]
    ]
  },
  "Ensemble (no meta)": {
    "threshold": 0.5,
    "accuracy": 0.9158534421575586,
    "precision": 0.916324044464748,
    "recall": 0.9378165666640692,
    "f1": 0.9269457388223514,
    "auroc": 0.9591008919561343,
    "auprc": 0.9548686525025526,
    "detection_rate": 0.9378165666640692,
    "false_alarm_rate": 0.1131706312429204,
    "specificity": 0.8868293687570796,
    "confusion_matrix": [
      [
        8612,
        1099
      ],
      [
        798,
        12035
      ]
    ]
  },
  "Meta-Learner (CLAF++)": {
    "threshold": 0.01,
    "accuracy": 0.8497161107168204,
    "precision": 0.9206377482853835,
    "recall": 0.8054235174939609,
    "f1": 0.859185369908562,
    "auroc": 0.9577166859559111,
    "auprc": 0.9563444037714679,
    "detection_rate": 0.8054235174939609,
    "false_alarm_rate": 0.0917516218721038,
    "specificity": 0.9082483781278962,
    "confusion_matrix": [
      [
        8820,
        891
      ],
      [
        2497,
        10336
      ]
    ]
  },
  "CLAF++ + Symbolic": {
    "threshold": 0.01,
    "accuracy": 0.8722941802696949,
    "precision": 0.9176036247692566,
    "recall": 0.8521779786487961,
    "f1": 0.8836814674154579,
    "auroc": 0.9597881623138421,
    "auprc": 0.9614263742208776,
    "detection_rate": 0.8521779786487961,
    "false_alarm_rate": 0.10112243847183607,
    "specificity": 0.8988775615281639,
    "confusion_matrix": [
      [
        8729,
        982
      ],
      [
        1897,
        10936
      ]
    ]
  }
}