{
  "threshold": 0.01,
  "AUROC": 0.9678443477177727,
  "AUPRC": 0.9701351459810519,
  "F1": 0.8352290329718964,
  "Precision": 0.9666052038516697,
  "Recall": 0.7352918257617082,
  "FalseAlarmRate": 0.0335701781484914,
  "seed": 99,
  "cv_search_seconds": 1747.8,
  "final_fit_seconds": 24.4,
  "best_params": {
    "n_estimators": 800,
    "max_depth": 8,
    "learning_rate": 0.07,
    "min_child_weight": 1
  },
  "Model": "Tuned XGBoost"
}